{
  "id": "3",
  "title": "Overview",
  "slug": "px-deck",
  "cardOrder": null,
  "createTimeStamp": "2015-11-24T23:02:53.838Z",
  "tags": [
    {
      "id": "1",
      "value": "parent"
    }
  ],
  "cards": [
    {
      "id": "1",
      "title": "gist card",
      "slug": "widgets-card",
      "attributes": {
        
      },
      "createTimeStamp": "2015-11-24T23:02:53.816Z",
      "tags": [
        
      ]
    },
    {
      "id": "3",
      "title": "datagrid card",
      "slug": "datagrid-card",
      "attributes": {
        
      },
      "createTimeStamp": "2015-11-24T23:02:53.816Z",
      "tags": [
        
      ]
    }
  ]
}