[
  {
    "opportunityNumber": "1116120",
    "opportunityName": "retain_Vettweiß B_MRO",
    "alertDate": "09-13-2016",
    "approvedStatus": null
  },
  {
    "opportunityNumber": "1125350",
    "opportunityName": "E.ON Panther Creek III WIOM",
    "alertDate": "09-19-2016",
    "approvedStatus": null
  },
  {
    "opportunityNumber": "1122211",
    "opportunityName": "E.ON Panther Vettweiß B_MRO",
    "alertDate": "09-21-2016",
    "approvedStatus": null
  },
  {
    "opportunityNumber": "GV_VTM_STEP",
    "opportunityName": "E.ON Panther Vettweiß B_MRO",
    "alertDate": "09-21-2016",
    "approvedStatus": null
  }
]