[
    {
        "uri": "parent",
        "classification": "parent",
        "description": "Lady Smith",
        "assetId": "Lady Smith",
        "parent": null,
        "isOpenable": true
    },
    {
        "uri": "parent2",
        "classification": "parent2",
        "description": "Sonils Base",
        "assetId": "Sonils Base",
        "parent": null,
        "isOpenable": true
    },
    {
        "uri": "parent3",
        "classification": "parent3",
        "description": "Wolf Creek",
        "assetId": "Wolf Creek",
        "parent": null,
        "isOpenable": true
    }
    
]
